{
    "epoch": 2.0,
    "eval_accuracy": 0.7551663423223056,
    "eval_loss": 0.5080746412277222,
    "eval_roc_auc": 0.8206526801686845,
    "eval_runtime": 97.9785,
    "eval_samples_per_second": 110.136,
    "eval_steps_per_second": 0.225,
    "total_flos": 1.135692559355904e+16,
    "train_loss": 0.5131744858781262,
    "train_runtime": 558.2771,
    "train_samples_per_second": 309.266,
    "train_steps_per_second": 1.211
}