{
    "epoch": 2.0,
    "eval_accuracy": 0.7551663423223056,
    "eval_loss": 0.5080746412277222,
    "eval_roc_auc": 0.8206526801686845,
    "eval_runtime": 97.9785,
    "eval_samples_per_second": 110.136,
    "eval_steps_per_second": 0.225
}